name,category
Aaron,Names of People
Aaronites,Names of Peoples and Nations
Abaddon,Other Names
Abagtha,Names of People
Abana,Other Names
Abarim,Names of Places
Abba,Names of God
Abda,Names of People
Abdeel,Names of People
Abdi,Names of People
Abdiel,Names of People
Abdon,Names of People
Abednego,Names of People
Abel,Names of People
Abelbethmaachah,Names of Places
Abelmaim,Names of Places
Abelmeholah,Names of Places
Abelmizraim,Names of Places
Abelshittim,Names of Places
Abez,Names of Peoples and Nations
Abi,Names of People
Abi-albon,Names of People
Abia,Names of People
Abiah,Names of People
Abiasaph,Names of People
Abiathar,Names of People
Abib,Other Names
Abida,Names of People
Abidah,Names of People
Abidan,Names of People
Abiel,Names of People
Abiezer,Names of People
Abiezrites,Names of Peoples and Nations
Abigail,Names of People
Abihail,Names of People
Abihu,Names of People
Abihud,Names of People
Abijah,Names of People
Abijam,Names of People
Abilene,Names of Places
Abimael,Names of People
Abimelech,Names of People
Abinadab,Names of People
Abinoam,Names of People
Abiram,Names of People
Abishag,Names of People
Abishai,Names of People
Abishalom,Names of People
Abishua,Names of People
Abishur,Names of People
Abital,Names of People
Abitub,Names of People
Abiud,Names of People
Abner,Names of People
Abraham,Names of People
Abram,Names of People
Absalom,Names of People
Accad,Names of Places
Accho,Names of Places
Aceldama,Names of Places
Achaia,Names of Places
Achaicus,Names of People
Achan,Names of People
Achar,Names of People
Achaz,Names of People
Achbor,Names of People
Achim,Names of People
Achish,Names of People
Achmetha,Names of Places
Achor,Names of Places
Achsa,Names of People
Achsah,Names of People
Achshaph,Names of Places
Achzib,Names of Places
Adadah,Names of Places
Adah,Names of People
Adaiah,Names of People
Adalia,Names of People
Adam,Names of People
Adamah,Names of Places
Adami,Names of Places
Adar,Other Names
Adbeel,Names of People
Addan,Names of People
Addar,Names of People
Addi,Names of People
Addon,Names of People
Ader,Names of People
Adiel,Names of People
Adin,Names of People
Adina,Names of People
Adino,Names of People
Adithaim,Names of Places
Adlai,Names of People
Admah,Names of Places
Admatha,Names of People
Adna,Names of People
Adnah,Names of People
Adonibezek or Adoni-Bezek,Names of People
Adonijah,Names of People
Adonikam,Names of People
Adoniram,Names of People
Adonizedec,Names of People
Adoraim,Names of Places
Adoram,Names of People
Adrammelech,Other Names
Adramyttium,Names of Places
Adria,Names of Places
Adriel,Names of People
Adullam,Names of Places
Adullamite,Names of Peoples and Nations
Adummim,Names of Places
Aeneas,Names of People
Aenon,Names of Places
Agabus,Names of People
Agag,Names of People
Agagite,Names of Peoples and Nations
Agar,Names of Peoples and Nations
Agee,Names of People
Agrippa,Names of Places
Agur,Names of People
Ahab,Names of People
Aharah,Names of People
Aharhel,Names of People
Ahasai,Names of People
Ahasbai,Names of People
Ahasuerus,Names of People
Ahava,Names of Places
Ahaz,Names of People
Ahaziah,Names of People
Ahban,Names of People
Aher,Names of People
Ahi,Names of People
Ahiah,Names of People
Ahiam,Names of People
Ahian,Names of People
Ahiezer,Names of People
Ahihud,Names of People
Ahijah,Names of People
Ahikam,Names of People
Ahilud,Names of People
Ahimaaz,Names of People
Ahiman,Names of People
Ahimelech,Names of People
Ahimoth,Names of People
Ahinadab,Names of People
Ahinoam,Names of People
Ahio,Names of People
Ahira,Names of People
Ahiram,Names of People
Ahiramites,Names of Peoples and Nations
Ahisamach,Names of People
Ahishahar,Names of People
Ahishar,Names of People
Ahithophel,Names of People
Ahitub,Names of People
Ahlab,Names of Places
Ahlai,Names of People
Ahoah,Names of People
Ahohite,Names of Peoples and Nations
Aholah,Names of People
Aholiab,Names of People
Aholibah,Names of People
Aholibamah,Names of People
Ahumai,Names of People
Ahuzam,Names of People
Ahuzzath,Names of People
Ai,Names of Places
Aiah,Names of People
Aiath,Names of Places
Aija,Names of Places
Aijalon,Names of Places
Ain,Names of Places
Ajah,Names of People
Ajalon,Names of Places
Akan,Names of People
Akkub,Names of People
Akrabbim,Names of Places
Alameth,Names of People
Alammelech,Names of Places
Alemeth,Names of Places
Alexander,Names of People
Alexandria,Names of Places
Alexandrians,Names of Peoples and Nations
Aliah,Names of People
Alian,Names of People
Allon,Names of People
Allonbachuth,Other Names
Almighty,Names of God
Almodad,Names of People
Almon,Names of Places
Almondiblathaim,Names of Places
Aloth,Names of Places
Alpha and Omega,Names of God
Alphaeus,Names of People
Alush,Names of Places
Alvah,Names of People
Alvan,Names of People
Amad,Names of Places
Amal,Names of People
Amalek,Names of People
Amalekites,Names of Peoples and Nations
Amam,Names of Places
Amana,Names of Places
Amariah,Names of People
Amasa,Names of People
Amasai,Names of People
Amashai,Names of People
Amasiah,Names of People
Amaziah,Names of People
Ami,Names of People
Aminadab,Names of People
Amittai,Names of People
Ammah,Names of Places
Ammiel,Names of People
Ammihud,Names of People
Amminadab,Names of People
Amminadib,Names of People | Names of Places
Ammishaddai,Names of People
Ammizabad,Names of People
Ammon,Names of People
Ammonites,Names of Peoples and Nations
Amnon,Names of People
Amok,Names of People
Amon,Names of People
Amorites,Names of Peoples and Nations
Amos,Names of People
Amoz,Names of People
Amphipolis,Names of Places
Amplias,Names of People
Amram,Names of People
Amramites,Names of Peoples and Nations
Amraphel,Names of People
Amzi,Names of People
Anab,Names of Places
Anah,Names of People
Anaharath,Names of Places
Anaiah,Names of People
Anak,Names of People
Anakims,Names of Peoples and Nations
Anamim,Names of People
Anammelech,Other Names
Anan,Names of People
Anani,Names of People
Ananiah,Names of Places
Ananias,Names of People
Anath,Names of People
Anathoth,Names of Places
Andrew,Names of People
Andronicus,Names of People
Anem,Names of Places
Aner,Names of People
Anethothite,Names of Peoples and Nations
Anetothite,Names of Peoples and Nations
Aniam,Names of People
Anim,Names of Places
Anna,Names of People
Annas,Names of People
Antioch,Names of Places
Antipas,Names of People
Antipatris,Names of Places
Antothijah,Names of People
Antothite,Names of Peoples and Nations
Anub,Names of People
Apelles,Names of People
Apharsachites,Names of Peoples and Nations
Apharsathchites,Names of Peoples and Nations
Apharsites,Names of Peoples and Nations
Aphek,Names of Places
Aphekah,Names of Places
Aphiah,Names of People
Aphik,Names of Places
Aphrah,Names of People
Aphses,Names of People
Apollonia,Names of Places
Apollos,Names of People
Apollyon,Other Names
Appaim,Names of People
Apphia,Names of People
Appiiforum,Names of Places
Aquila,Names of People
Ar,Names of Places
Ara,Names of People
Arab,Names of Peoples and Nations
Arabah,Names of Places
Arabia,Names of Places
Arabians,Names of Peoples and Nations
Arad,Names of People
Arah,Names of People
Aram,Names of People
Aramitess,Names of Peoples and Nations
Aran,Names of People
Ararat,Names of Places
Araunah,Names of Places
Arba,Names of Places
Arbathite,Names of Peoples and Nations
Arbite,Names of Peoples and Nations
Archelaus,Names of People
Archevites,Names of Peoples and Nations
Archi,Names of Places
Archippus,Names of People
Archite,Names of Peoples and Nations
Arcturus,Other Names
Ard,Names of People
Ardites,Names of Peoples and Nations
Ardon,Names of People
Areli,Names of People
Arelites,Names of Peoples and Nations
Areopagite,Names of Peoples and Nations
Areopagus,Names of People
Aretas,Names of People
Argob,Names of Places
Aridai,Names of Places
Aridatha,Names of Places
Arieh,Names of People
Ariel,Names of People | Names of Places
Arimathaea,Names of Places
Arioch,Names of People
Arisai,Names of Places
Aristarchus,Names of People
Aristobulus,Names of People
Arkite,Names of Peoples and Nations
Armageddon,Names of Places
Armenia,Names of Places
Armoni,Names of People
Arnan,Names of People
Arnon,Names of Places
Arod,Names of People
Arodi,Names of People
Arodites,Names of Peoples and Nations
Aroer,Names of Places
Aroerite,Names of Peoples and Nations
Arpad,Other Names
Arphad,Names of Places
Arphaxad,Names of People
Artaxerxes,Names of People
Artemas,Names of People
Aruboth,Names of Places
Arumah,Names of Places
Arvad,Names of Places
Arvadite,Names of Peoples and Nations
Arza,Names of People
Asa,Names of People
Asahel,Names of People
Asahiah,Names of People
Asaiah,Names of People
Asaph,Names of People
Asareel,Names of People
Asarelah,Names of People
Asenath,Names of People
Aser,Names of People
Ashan,Names of Places
Ashbea,Names of People
Ashbel,Names of People
Ashbelites,Names of Peoples and Nations
Ashchenaz,Names of People
Ashdod,Names of Places
Ashdodites,Names of Peoples and Nations
Ashdothites,Names of Peoples and Nations
Ashdothpisgah,Names of Places
Asher,Names of People
Asherites,Names of Peoples and Nations
Ashima,Other Names
Ashkelon,Names of Places
Ashkenaz,Names of People
Ashnah,Names of Places
Ashpenaz,Names of People
Ashriel,Names of People
Ashtaroth,Names of Places
Ashterathite,Names of Peoples and Nations
Ashteroth Karnaim,Names of Places
Ashtoreth,Other Names
Ashur,Names of People
Ashurites,Names of Peoples and Nations
Ashvath,Names of People
Asia,Names of Places
Asiel,Names of People
Askelon,Names of Places
Asnah,Names of People
Asnapper,Names of People
Aspatha,Names of Places
Asriel,Names of People
Asrielites,Names of Peoples and Nations
Asshur,Names of People
Asshurim,Names of People
Assir,Names of People
Assos,Names of Places
Assur,Names of Places
Assyria,Names of Places
Assyrians,Names of Peoples and Nations
Astaroth,Names of Places
Asuppim,Names of Places
Asyncritus,Names of People
Atad,Names of Places
Atarah,Names of People
Ataroth,Names of Places
Atarothadar,Names of Places
Atarothaddar,Names of Places
Ater,Names of People
Athach,Names of Places
Athaiah,Names of People
Athaliah,Names of People
Athenians,Names of Peoples and Nations
Athens,Names of Places
Athlai,Names of People
Atroth,Names of Places
Attai,Names of People
Attalia,Names of Places
Augustus,Names of People
Ava,Names of Places
Aven,Names of Places
Avim,Names of Places
Avims,Names of Peoples and Nations
Avites,Names of Peoples and Nations
Avith,Names of Places
Azal,Names of Places
Azaliah,Names of People
Azaniah,Names of People
Azarael,Names of People
Azareel,Names of People
Azariah,Names of People
Azaz,Names of People
Azaziah,Names of People
Azbuk,Names of People
Azekah,Names of Places
Azel,Names of People
Azem,Names of Places
Azgad,Names of Places
Aziel,Names of People
Aziza,Names of People
Azmaveth,Names of People
Azmon,Names of Places
Aznothtabor,Names of Places
Azor,Names of People
Azotus,Names of Places
Azriel,Names of People
Azrikam,Names of People
Azubah,Names of People
Azur,Names of People
Azzah,Names of Places
Azzan,Names of People
Azzur,Names of People
Baal,Other Names
Baal-gad,Names of Places
Baal-hamon,Names of Places
Baal-hanan,Names of People
Baal-hazor,Names of Places
Baal-hermon,Names of Places
Baal-meon,Names of Places
Baal-peor,Other Names
Baal-zebub,Other Names
Baalah,Names of Places
Baalath,Names of Places
Baalathbeer,Names of Places
Baalberith,Other Names
Baale,Names of Places
Baali,Names of God
Baalim,Other Names
Baalis,Names of People
Baalperazim,Names of Places
Baalshalisha,Names of Places
Baaltamar,Names of Places
Baalzephon,Names of Places
Baana,Names of People
Baanah,Names of People
Baara,Names of People
Baaseiah,Names of People
Baasha,Names of People
Babel,Names of Places
Babylon,Names of Places
Babylonians,Names of Peoples and Nations
Baca,Names of Places
Bachrites,Names of Peoples and Nations
Baharumite,Names of Peoples and Nations
Bahurim,Names of Places
Bajith,Names of Places
Bakbakkar,Names of People
Bakbuk,Names of People
Bakbukiah,Names of People
Balaam,Names of People
Balac,Names of People
Baladan,Names of People
Balah,Names of Places
Balak,Names of People
Bamah,Names of Places
Bamoth,Names of Places
Bamothbaal,Names of Places
Bani,Names of People
Bar-Jesus,Names of People
Barabbas,Names of People
Barachel,Names of People
Barachias,Names of People
Barak,Names of People
Barbarian,Names of Peoples and Nations
Barhumite,Names of Peoples and Nations
Bariah,Names of People
Barjona,Names of People
Barkos,Names of People
Barnabas,Names of People
Barsabas,Names of People
Bartholomew,Names of People
Bartimaeus,Names of People
Baruch,Names of People
Barzillai,Names of People
Bashan,Names of Places
Bashan-havoth-jair,Names of People
Bashemath,Names of People
Basmath,Names of People
Bath-shua,Names of People
Bathrabbim,Names of Places
Bathsheba,Names of People
Bavai,Names of People
Bazlith,Names of People
Bazluth,Names of People
Bealiah,Names of People
Bealoth,Names of Places
Bebai,Names of People
Becher,Names of People
Bechorath,Names of People
Bedad,Names of People
Bedan,Names of People
Bedeiah,Names of People
Beeliada,Names of People
Beelzebub,Other Names
Beer,Names of Places
Beer-lahai-roi,Other Names
Beera,Names of People
Beerah,Names of People
Beerelim,Names of Places
Beeri,Names of People
Beeroth,Names of Places
Beerothites,Names of Peoples and Nations
Beersheba,Names of Places
Beeshterah,Names of Places
Bel,Names of Places
Bela,Names of Places
Belah,Names of People
Belaites,Names of Peoples and Nations
Belial,Names of Peoples and Nations
Belshazzar,Names of People
Ben,Names of People
Ben-hadad,Names of People
Ben-hail,Names of People
Benaiah,Names of People
Benammi,Names of People
Beneberak,Names of Places
Benejaakan,Names of Places
Benhanan,Names of People
Beninu,Names of People
Benjamin,Names of People
Benjamites,Names of Peoples and Nations
Beno,Names of People
Benoni,Names of People
Benzoheth,Names of People
Beon,Names of Places
Beor,Names of People
Bera,Names of People
Berachah,Names of People
Berachiah,Names of People
Beraiah,Names of People
Berea,Names of Places
Berechiah,Names of People
Bered,Names of Places
Beri,Names of People
Beriah,Names of People
Beriites,Names of Peoples and Nations
Berites,Names of Peoples and Nations
Berith,Other Names
Bernice,Names of People
Berodach-baladan,Names of People
Berothah,Names of Places
Berothai,Names of Places
Berothite,Names of Peoples and Nations
Besai,Names of People
Besodeiah,Names of People
Besor,Names of Places
Betah,Names of Places
Beten,Names of Places
Beth-baal-meon,Names of Places
Beth-ezel,Names of People
Beth-gader,Names of People
Beth-pazzez,Names of People | Names of Peoples and Nations
Beth-rapha,Names of People
Beth-shemite,Names of Peoples and Nations
Beth-zur,Names of Places
Bethabara,Names of Places
Bethanath,Names of Places
Bethanoth,Names of Places
Bethany,Names of Places
Betharabah,Names of Places
Betharam,Names of Places
Betharbel,Names of Places
Bethaven,Names of Places
Bethazmaveth,Names of Places
Bethbarah,Names of Places
Bethbirei,Names of Places
Bethcar,Names of Places
Bethdagon,Names of Places
Bethdiblathaim,Names of Places
Bethel,Names of Places
Bethelite,Names of Peoples and Nations
Bethemek,Names of Places
Bether,Names of Places
Bethesda,Names of Places
Bethgamul,Names of Places
Bethhaccerem,Names of Places
Bethharan,Names of Places
Bethhogla,Names of Places
Bethhoglah,Names of Places
Bethhoron,Names of Places
Bethjeshimoth,Names of Places
Bethjesimoth,Names of Places
Bethlebaoth,Names of Places
Bethlehem,Names of Places
Bethlehemite,Names of Peoples and Nations
Bethlehemjudah,Names of Places
Bethmaachah,Names of Places
Bethmarcaboth,Names of Places
Bethmeon,Names of Places
Bethnimrah,Names of Places
Bethpalet,Names of Places
Bethpeor,Names of Places
Bethphage,Names of Places
Bethphelet,Names of Places
Bethrehob,Names of Places
Bethsaida,Names of Places
Bethshan,Names of Places
Bethshean,Names of Places
Bethshemesh,Names of Places
Bethshittah,Names of Places
Bethtappuah,Names of Places
Bethuel,Names of People
Bethul,Names of Places
Betonim,Names of Places
Beulah,Names of Places
Bezai,Names of People
Bezaleel,Names of People
Bezek,Names of Places
Bezer,Names of Places
Bichri,Names of People
Bidkar,Names of People
Bigtha,Names of People
Bigthan,Names of People
Bigthana,Names of People
Bigvai,Names of People
Bildad,Names of People
Bileam,Names of Places
Bilgah,Names of People
Bilgai,Names of People
Bilhah,Names of People
Bilhan,Names of People
Bilshan,Names of People
Bimhal,Names of People
Binea,Names of People
Binnui,Names of People
Birsha,Names of People
Birzavith,Names of People
Bishlam,Names of People
Bithiah,Names of People
Bithron,Names of Places
Bithynia,Names of Places
Bizjothjah,Names of Places
Biztha,Names of People
Blastus,Names of People
Boanerges,Names of People
Boaz,Names of People
Bocheru,Names of People
Bochim,Names of Places
Bohan,Names of People
Booz,Names of People
Boscath,Names of Places
Bosor,Names of People
Bozez,Names of Places
Bozkath,Names of Places
Bozrah,Names of Places
Bukki,Names of People
Bukkiah,Names of People
Bul,Other Names
Bunah,Names of People
Bunni,Names of People
Buz,Names of People
Buzi,Names of People
Buzite,Names of Peoples and Nations
Cabbon,Names of Places
Cabul,Names of Places
Caesar,Names of People
Caesarea,Names of Places
Caiaphas,Names of People
Cain,Names of People | Names of Places
Cainan,Names of Places
Calah,Names of Places
Calcol,Names of People
Caleb,Names of People
Calebephratah,Names of Places
Calneh,Names of Places
Calno,Names of Places
Calvary,Names of Places
Camon,Names of Places
Cana,Names of Places
Canaan,Names of People | Names of Places
Canaanites,Names of Peoples and Nations
Candace,Names of People
Canneh,Names of People
Capernaum,Names of Places
Caphthorim,Names of People
Caphtor,Names of Places
Caphtorim,Names of People
Caphtorims,Names of Peoples and Nations
Cappadocia,Names of Places
Carcas,Names of People
Carchemish,Names of Places
Careah,Names of People
Carmel,Names of Places
Carmelite,Names of Peoples and Nations
Carmi,Names of People
Carmites,Names of Peoples and Nations
Carpus,Names of People
Carshena,Names of People
Casiphia,Names of Places
Casluhim,Names of Peoples and Nations
Cedron,Names of Places
Cenchrea,Names of Places
Cephas,Names of People
Chalcol,Names of People
Chaldaeans,Names of Peoples and Nations
Chaldea,Names of Places
Chaldeans,Names of Peoples and Nations
Chaldees,Names of Peoples and Nations
Chanaan,Names of Places
Charashim,Names of Places
Charchemish,Names of Places
Charran,Names of Places
Chebar,Names of Places
Chedorlaomer,Names of People
Chelal,Names of People
Chelluh,Names of People
Chelub,Names of People
Chelubai,Names of People
Chemarims,Names of Peoples and Nations
Chemosh,Names of Places
Chenaanah,Names of People
Chenani,Names of People
Chenaniah,Names of People
Chepharhaammonai,Names of Places
Chephirah,Names of Places
Cheran,Names of People
Cherethims,Names of Peoples and Nations
Cherethites,Names of Peoples and Nations
Cherith,Names of Places
Chesalon,Names of Places
Chesed,Names of People
Chesil,Names of Places
Chesulloth,Names of Places
Chezib,Names of Places
Chidon,Names of Places
Chileab,Names of People
Chilion,Names of People
Chilmad,Names of Places
Chimham,Names of People
Chinnereth,Names of Places
Chinneroth,Names of Places
Chios,Names of Places
Chisleu,Other Names
Chislon,Names of People
Chislothtabor,Names of Places
Chittim,Names of Places
Chiun,Other Names
Chloe,Names of People
Chorashan,Names of Places
Chozeba,Names of Places
Christ,Names of God
Christian,Names of Peoples and Nations
Christians,Names of Peoples and Nations
Chub,Names of Places
Chun,Names of Places
Chushan-rishathaim,Names of People
Chuza,Names of People
Cilicia,Names of Places
Cinneroth,Names of Places
Cis,Names of People
Clauda,Names of Places
Claudia,Names of People
Claudius,Names of People
Clement,Names of People
Cleopas,Names of People
Cleophas,Names of People
Cnidus,Names of Places
Colhozeh,Names of People
Colosse,Names of Places
Conaniah,Names of People
Coniah,Names of People
Cononiah,Names of People
Coos,Names of Places
Core,Names of People
Corinth,Names of Places
Corinthians,Names of Peoples and Nations
Cornelius,Names of People
Cosam,Names of People
Coz,Names of People
Cozbi,Names of People
Crescens,Names of Places
Crete,Names of Places
Cretes,Names of Peoples and Nations
Cretians,Names of Peoples and Nations
Crispus,Names of People
Cush,Names of People
Cushan,Names of Places
Cushi,Names of People
Cuth,Names of Places
Cuthah,Names of Places
Cyprus,Names of Places
Cyrene,Names of Places
Cyrenians,Names of Peoples and Nations
Cyrenius,Names of People
Cyrus,Names of People
Dabareh,Names of Places
Dabbasheth,Names of Places
Daberath,Names of Places
Dagon,Other Names
Dalaiah,Names of People
Dalmanutha,Names of Places
Dalmatia,Names of Places
Dalphon,Names of People
Damaris,Names of People
Damascenes,Names of Places
Damascus,Names of Places
Dan,Names of People
Daniel,Names of People
Danites,Names of Peoples and Nations
Danjaan,Names of Places
Dannah,Names of Places
Dara,Names of People
Darda,Names of People
Darius,Names of People
Darkon,Names of Places
Dathan,Names of People
David,Names of People
Debir,Names of People
Deborah,Names of People
Decapolis,Names of Places
Dedan,Names of People
Dedanim,Names of Places
Dehavites,Names of Peoples and Nations
Dekar,Names of People
Delaiah,Names of People
Delilah,Names of People
Demas,Names of People
Demetrius,Names of People
Derbe,Names of Places
Deuel,Names of People
Diana,Names of People
Diblaim,Names of People
Diblath,Names of Places
Dibon,Names of Places
Dibongad,Names of Places
Dibri,Names of People
Didymus,Names of People
Diklah,Names of People
Dilean,Names of Places
Dimnah,Names of Places
Dimon,Names of Places
Dimonah,Names of Places
Dinah,Names of People
Dinaites,Names of Peoples and Nations
Dinhabah,Names of Places
Dionysius,Names of People
Diotrephes,Names of People
Dishan,Names of People
Dishon,Names of People
Dizahab,Names of Places
Dodai,Names of People
Dodanim,Names of People
Dodavah,Names of People
Dodo,Names of People
Doeg,Names of People
Dophkah,Names of Places
Dor,Names of Places
Dorcas,Names of People
Dothan,Names of Places
Drusilla,Names of People
Dumah,Names of People
Dura,Names of Places
Ebal,Names of People
Ebed,Names of People
Ebed-melech,Names of People
Eben-ezer,Names of Places
Ebenezer,Other Names
Eber,Names of People
Ebiasaph,Names of People
Ebronah,Names of Places
Ed,Other Names
Edar,Names of Places
Eden,Names of Places
Eder,Names of People
Edom,Names of Places
Edomites,Names of Peoples and Nations
Edrei,Names of Places
Eglah,Names of People
Eglaim,Names of Places
Eglon,Names of Places
Egypt,Names of Places
Egyptians,Names of Peoples and Nations
Ehi,Names of People
Ehud,Names of People
Eker,Names of People
Ekron,Names of Places
Ekronites,Names of Peoples and Nations
Eladah,Names of People
Elah,Names of People
Elam,Names of People
Elamites,Names of Peoples and Nations
Elasah,Names of People
Elath,Names of Places
Elbethel,Names of Places
Eldaah,Names of People
Eldad,Names of People
Elead,Names of People
Elealeh,Names of Places
Eleasah,Names of People
Eleazar,Names of People
EleloheIsrael,Names of Places
Eleph,Names of Places
Elhanan,Names of People
Eli,Names of People
Eliab,Names of People
Eliada,Names of People
Eliadah,Names of People
Eliah,Names of People
Eliahba,Names of People
Eliakim,Names of People
Eliam,Names of People
Eliana,Names of People
Elias,Names of People
Eliasaph,Names of People
Eliashib,Names of People
Eliathah,Names of People
Elidad,Names of People
Eliel,Names of People
Elienai,Names of People
Eliezer,Names of People
Elihoenai,Names of People
Elihoreph,Names of People
Elihu,Names of People
Elijah,Names of People
Elika,Names of People
Elim,Names of Places
Elimelech,Names of People
Elioenai,Names of People
Eliphal,Names of People
Eliphalet,Names of People
Eliphaz,Names of People
Elipheleh,Names of People
Eliphelet,Names of People
Elisabeth,Names of People
Eliseus,Names of People
Elisha,Names of People
Elishah,Names of People
Elishama,Names of People
Elishaphat,Names of People
Elisheba,Names of People
Elishua,Names of People
Eliud,Names of People
Eliza,Names of People
Elizabeth,Names of People
Elizaphan,Names of People
Elizur,Names of People
Elkanah,Names of People
Elkoshite,Names of Peoples and Nations
Ellasar,Names of Places
Elmodam,Names of People
Elnaam,Names of People
Elnathan,Names of People
Eloi,Names of God
Elon,Names of Places
Elonbethhanan,Names of Places
Elonites,Names of Peoples and Nations
Eloth,Names of Places
Elpaal,Names of People
Elpalet,Names of People
Elparan,Names of Places
Eltekeh,Names of Places
Eltekon,Names of Places
Eltolad,Names of Places
Elul,Other Names
Eluzai,Names of People
Elymas,Names of People
Elzabad,Names of People
Elzaphan,Names of People
Emims,Names of Peoples and Nations
Emins,Names of Peoples and Nations
Emmanuel,Names of God
Emmaus,Names of Places
Emmor,Names of People
Enam,Names of Places
Enan,Names of People
Endor,Names of Places
Eneglaim,Names of Places
Engannim,Names of Places
Engedi,Names of Places
Enhaddah,Names of Places
Enhakkore,Names of Places
Enhazor,Names of Places
Enmishpat,Names of Places
Enoch,Names of People
Enos,Names of People
Enosh,Names of People
Enrimmon,Names of Places
Enrogel,Names of Places
Enshemesh,Names of Places
Entappuah,Names of Places
Epaenetus,Names of People
Epaphras,Names of People
Epaphroditus,Names of People
Ephah,Names of People
Ephai,Names of People
Epher,Names of People
Ephesdammim,Names of Places
Ephesians,Names of Peoples and Nations
Ephesus,Names of Places
Ephlal,Names of People
Ephraim,Names of People
Ephraimites,Names of Peoples and Nations
Ephratah,Names of Places
Ephrath,Names of Places
Ephrathites,Names of Peoples and Nations
Ephron,Names of People
Epicureans,Names of Peoples and Nations
Er,Names of People
Eran,Names of Places
Eranites,Names of Peoples and Nations
Erastus,Names of People
Erech,Names of People
Eri,Names of People
Erites,Names of Peoples and Nations
Esaias,Names of People
Esar-haddon,Names of People
Esau,Names of People
Esek,Other Names
Eshbaal,Names of People
Eshban,Names of People
Eshcol,Names of People
Eshean,Names of Places
Eshek,Names of People
Eshkalonites,Names of Peoples and Nations
Eshtaol,Names of Places
Eshtaulites,Names of Peoples and Nations
Eshtemoa,Names of Places
Eshtemoh,Names of Places
Eshton,Names of People
Esli,Names of People
Esrom,Names of People
Esther,Names of People
Etam,Other Names
Etham,Names of Places
Ethan,Names of People
Ethanim,Other Names
Ethbaal,Names of People
Ether,Names of Places
Ethiopia,Names of Places
Ethiopian,Names of Peoples and Nations
Ethnan,Names of People
Ethni,Names of People
Eubulus,Names of People
Eunice,Names of People
Euodias,Names of People
Euphrates,Other Names
Euroclydon,Other Names
Eutychus,Names of People
Eve,Names of People
Evi,Names of People
Evil-merodach,Names of People
Ezbai,Names of People
Ezbon,Names of People
Ezekias,Names of People
Ezekiel,Names of People
Ezel,Names of Places
Ezem,Names of Places
Ezer,Names of People
Eziongaber,Names of Places
Eziongeber,Names of Places
Eznite,Names of Peoples and Nations
Ezra,Names of People
Ezrahite,Names of Peoples and Nations
Ezri,Names of People
Felix,Names of People
Festus,Names of People
Fortunatus,Names of People
Gaal,Names of People
Gaash,Names of Places
Gaba,Names of Places
Gabbai,Names of People
Gabbatha,Names of Places
Gabriel,Other Names
Gabriella,Names of People
Gabrielle,Names of People
Gad,Names of People
Gadarenes,Names of Places
Gaddi,Names of People
Gaddiel,Names of People
Gadi,Names of People
Gadites,Names of Peoples and Nations
Gaham,Names of People
Gahar,Names of People
Gaius,Names of People
Galal,Names of People
Galatia,Names of Places
Galatians,Names of Peoples and Nations
Galeed,Other Names
Galilaeans,Names of Peoples and Nations
Galilee,Names of Places
Gallim,Names of Places
Gallio,Names of People
Gamaliel,Names of People
Gammadims,Names of Peoples and Nations
Gamul,Names of People
Gareb,Names of People | Names of Places
Garmite,Names of Peoples and Nations
Gashmu,Names of People
Gatam,Names of People
Gath,Names of Places
Gathhepher,Names of Places
Gathrimmon,Names of Places
Gaza,Names of Places
Gazathites,Names of Peoples and Nations
Gazer,Names of Places
Gazez,Names of People
Gazites,Names of Peoples and Nations
Gazzam,Names of People
Geba,Names of Places
Gebal,Names of Places
Geber,Names of People
Gebim,Names of Places
Gedaliah,Names of People
Gedeon,Names of People
Geder,Names of Places
Gederah,Names of Places
Gederathite,Names of Peoples and Nations
Gederite,Names of Places
Gederoth,Names of Places
Gederothaim,Names of Places
Gedor,Names of Places
Gehazi,Names of People
Geliloth,Names of Places
Gemalli,Names of People
Gemariah,Names of People
Gender,Names of People
Gennesaret,Names of Places
Gentiles,Names of Peoples and Nations
Genubath,Names of People
Gera,Names of People
Gerar,Names of Places
Gergesenes,Names of Peoples and Nations
Gerizim,Names of Places
Gershom,Names of People
Gershon,Names of People
Gershonite,Names of Peoples and Nations
Gershonites,Names of Peoples and Nations
Gesham,Names of People
Geshem,Names of People
Geshur,Names of Places
Geshuri,Names of Places
Geshurites,Names of Peoples and Nations
Gether,Names of People
Gethsemane,Names of Places
Geuel,Names of People
Gezer,Names of Places
Gezrites,Names of Peoples and Nations
Giah,Names of Places
Gibbar,Names of People
Gibbethon,Names of Places
Gibea,Names of People
Gibeah,Names of Places
Gibeath,Names of Places
Gibeon,Names of Places
Gibeonites,Names of Peoples and Nations
Giblites,Names of Peoples and Nations
Giddalti,Names of People
Giddel,Names of People
Gideon,Names of People
Gideoni,Names of People
Gidom,Names of Places
Gihon,Other Names
Gilalai,Names of People
Gilboa,Names of Places
Gilead,Names of Places
Gileadites,Names of Peoples and Nations
Gilgal,Names of Places
Giloh,Names of Places
Gilonite,Names of Peoples and Nations
Gimzo,Names of Places
Ginath,Names of Places
Ginnetho,Names of People
Ginnethon,Names of People
Girgashite,Names of Peoples and Nations
Girgashites,Names of Peoples and Nations
Girgasite,Names of Peoples and Nations
Gispa,Names of Peoples and Nations
Gittahhepher,Names of Places
Gittaim,Names of Places
Gittite,Names of Peoples and Nations
Gittites,Names of Peoples and Nations
Gizonite,Names of Peoples and Nations
Goath,Names of Places
Gob,Names of Places
God,Names of God
Gog,Names of People
Golan,Names of Places
Golgotha,Names of Places
Goliath,Names of People
Gomer,Names of People
Gomorrah,Names of Places
Gomorrha,Names of Places
Goshen,Names of Places
Gozan,Names of Places
Grecia,Names of Places
Grecians,Names of Peoples and Nations
Greece,Names of Places
Greek,Names of Peoples and Nations
Greeks,Names of Peoples and Nations
Gudgodah,Names of Places
Guni,Names of People
Gunites,Names of Peoples and Nations
Gur,Names of Places
Gurbaal,Names of Places
Haahashtari,Names of People
Habaiah,Names of People
Habakkuk,Names of People
Habaziniah,Names of People
Habor,Names of Places
Hachaliah,Names of People
Hachilah,Names of Places
Hachmoni,Names of People
Hachmonite,Names of Peoples and Nations
Hadad,Names of People
Hadadezer,Names of People
Hadadrimmon,Names of Places
Hadar,Names of People
Hadarezer,Names of People
Hadashah,Names of Places
Hadassah,Names of People
Hadattah,Names of Places
Hadid,Names of Places
Hadlai,Names of People
Hadoram,Names of People
Hadrach,Names of Places
Hagab,Names of People
Hagaba,Names of Places
Hagabah,Names of Places
Hagar,Names of People
Hagarenes,Names of Places
Hagarites,Names of Peoples and Nations
Haggai,Names of People
Haggeri,Names of People
Haggi,Names of People
Haggiah,Names of People
Haggites,Names of Peoples and Nations
Haggith,Names of People
Hai,Names of Places
Hakkatan,Names of People
Hakkoz,Names of People
Hakupha,Names of People
Halah,Names of Places
Halak,Names of Places
Halhul,Names of Places
Hali,Names of Places
Hallohesh,Names of People
Halohesh,Names of People
Ham,Names of People
Haman,Names of People
Hamath,Names of Places
Hamathite,Names of Peoples and Nations
Hamathzobah,Names of Places
Hammath,Names of Places
Hammedatha,Names of People
Hammelech,Names of People
Hammoleketh,Names of People
Hammon,Names of Places
Hammothdor,Names of Places
Hamonah,Names of Places
Hamongog,Names of Places
Hamor,Names of People
Hamuel,Names of People
Hamul,Names of People
Hamulites,Names of Peoples and Nations
Hamutal,Names of People
Hanameel,Names of People
Hanan,Names of People
Hananeel,Names of Places
Hanani,Names of People
Hananiah,Names of People
Hanes,Names of Places
Haniel,Names of People
Hannah,Names of People
Hannathon,Names of Places
Hanniel,Names of People
Hanoch,Names of People
Hanochites,Names of Peoples and Nations
Hanun,Names of People
Haphraim,Names of Places
Hara,Names of Places
Haradah,Names of Places
Haran,Names of People
Hararite,Names of Peoples and Nations
Harbona,Names of People
Harbonah,Names of People
Hareph,Names of People
Hareth,Names of Places
Harhaiah,Names of People
Harhas,Names of People
Harhur,Names of People
Harim,Names of People
Hariph,Names of Places
Harnepher,Names of People
Harod,Names of Places
Harodite,Names of Peoples and Nations
Haroeh,Names of People
Harorite,Names of Peoples and Nations
Harosheth,Names of Places
Harsha,Names of People
Harum,Names of People
Harumaph,Names of People
Haruphite,Names of Peoples and Nations
Haruz,Names of People
Hasadiah,Names of People
Hasenuah,Names of People
Hashabiah,Names of People
Hashabnah,Names of People
Hashabniah,Names of People
Hashbadana,Names of People
Hashem,Names of People
Hashmonah,Names of Places
Hashub,Names of People
Hashubah,Names of People
Hashum,Names of People
Hashupha,Names of People
Hasrah,Names of People
Hassenaah,Names of People
Hasshub,Names of People
Hasupha,Names of People
Hatach,Names of People
Hathath,Names of People
Hatipha,Names of People
Hatita,Names of People
Hattil,Names of People
Hattush,Names of People
Hauran,Names of Places
Havilah,Names of Places
Havothjair,Names of Places
Hazael,Names of People
Hazaiah,Names of People
Hazaraddar,Names of Places
Hazarenan,Names of Places
Hazargaddah,Names of Places
Hazarhatticon,Names of Places
Hazarmaveth,Names of People
Hazarshual,Names of Places
Hazarsusah,Names of Places
Hazarsusim,Names of Places
Hazazontamar,Names of Places
Hazelelponi,Names of People
Hazerim,Names of Places
Hazeroth,Names of Places
Hazezontamar,Names of Places
Haziel,Names of People
Hazo,Names of People
Hazor,Names of Places
Heber,Names of People
Heberites,Names of Peoples and Nations
Hebrew,Names of Peoples and Nations
Hebrews,Names of Peoples and Nations
Hebron,Names of Places
Hebronites,Names of Peoples and Nations
Hegai,Names of People
Hege,Names of People
Helah,Names of People
Helam,Names of Places
Helbah,Names of Places
Helbon,Names of Places
Heldai,Names of People
Heleb,Names of People
Heled,Names of People
Helek,Names of People
Helekites,Names of Peoples and Nations
Helem,Names of People
Heleph,Names of Places
Helez,Names of People
Heli,Names of People
Helkai,Names of People
Helkath,Names of Places
Helkathhazzurim,Names of Places
Helon,Names of People
Hemam,Names of People
Heman,Names of People
Hemath,Names of Places
Hemdan,Names of People
Hen,Names of People
Hena,Names of Places
Henadad,Names of People
Henoch,Names of People
Hepher,Names of Places
Hepherites,Names of Peoples and Nations
Hephzibah,Names of People
Heresh,Names of People
Hermas,Names of People
Hermes,Names of People
Hermogenes,Names of People
Hermon,Names of Places
Hermonites,Names of Peoples and Nations
Herod,Names of People
Herodians,Names of Peoples and Nations
Herodias,Names of People
Herodion,Names of Peoples and Nations
Hesed,Names of People
Heshbon,Names of Places
Heshmon,Names of Places
Heth,Names of People
Hethlon,Names of Places
Hezeki,Names of People
Hezekiah,Names of People
Hezion,Names of People
Hezir,Names of People
Hezrai,Names of People
Hezro,Names of People
Hezron,Names of People
Hezronites,Names of Peoples and Nations
Hiddai,Names of People
Hiddekel,Other Names
Hiel,Names of People
Hierapolis,Names of Places
Hilen,Names of Places
Hilkiah,Names of People
Hillel,Names of People
Hinnom,Names of Places
Hirah,Names of People
Hiram,Names of People
Hittite,Names of Peoples and Nations
Hittites,Names of Peoples and Nations
Hivites,Names of Peoples and Nations
Hizkiah,Names of People
Hizkijah,Names of People
Hobab,Names of People
Hobah,Names of Places
Hod,Names of People
Hodaiah,Names of People
Hodaviah,Names of People
Hodesh,Names of People
Hodevah,Names of People
Hodiah,Names of People
Hodijah,Names of People
Hoglah,Names of People
Hoham,Names of People
Holon,Names of Places
Homam,Names of People
Hophni,Names of People
Hor,Names of Places
Horam,Names of People
Horeb,Names of Places
Horem,Names of Places
Horhagidgad,Names of Places
Hori,Names of People
Horims,Names of Places
Horites,Names of Peoples and Nations
Hormah,Names of Places
Horonaim,Names of Places
Horonite,Names of Peoples and Nations
Hosah,Names of Places
Hosea,Names of People
Hoshaiah,Names of Places
Hoshama,Names of People
Hoshea,Names of People
Hotham,Names of People
Hothan,Names of People
Hothir,Names of People
Hukkok,Names of Places
Hukok,Names of Places
Hul,Names of People
Huldah,Names of People
Humtah,Names of Places
Hupham,Names of People
Huphamites,Names of Peoples and Nations
Huppah,Names of People
Huppim,Names of People
Hur,Names of People
Hurai,Names of People
Huram,Names of People
Huri,Names of People
Hushah,Names of People
Hushai,Names of People
Husham,Names of People
Hushathite,Names of Peoples and Nations
Hushim,Names of People
Huz,Names of People
Huzzab,Names of People
Hymenaeus,Names of People
Ibhar,Names of People
Ibleam,Names of Places
Ibneiah,Names of People
Ibnijah,Names of People
Ibri,Names of People
Ibzan,Names of People
Ichabod,Names of People
Iconium,Names of Places
Idalah,Names of Places
Idbash,Names of People
Iddo,Names of People
Idumaea,Names of Places
Idumea,Names of Places
Igal,Names of People
Igdaliah,Names of People
Igeal,Names of People
Iim,Names of Places
Ijeabarim,Names of Places
Ijon,Names of Places
Ikkesh,Names of People
Ilai,Names of People
Illyricum,Names of Places
Imla,Names of People
Imlah,Names of People
Immanuel,Names of God
Immer,Names of People
Imna,Names of People
Imnah,Names of People
Imrah,Names of People
Imri,Names of People
India,Names of Places
Iphedeiah,Names of People
Ir,Names of Places
Ira,Names of People
Irad,Names of People
Iram,Names of People
Iri,Names of People
Irijah,Names of People
Irnahash,Names of People
Iron,Names of Places
Irpeel,Names of Places
Irshemesh,Names of Places
Iru,Names of People
Isaac,Names of People
Isaiah,Names of People
Iscah,Names of People
Ishbah,Names of People
Ishbak,Names of People
Ishbibenob,Names of People
Ishbosheth,Names of People
Ishi,Names of People
Ishiah,Names of People
Ishijah,Names of People
Ishma,Names of People
Ishmael,Names of People
Ishmaelites,Names of Peoples and Nations
Ishmaiah,Names of People
Ishmerai,Names of People
Ishod,Names of People
Ishpan,Names of People
Ishtob,Names of Places
Ishuah,Names of Places
Ishuai,Names of People
Ishui,Names of People
Ismachiah,Names of People
Ismaiah,Names of People
Ispah,Names of People
Israel,Names of People | Names of Places
Israelites,Names of Peoples and Nations
Issachar,Names of People | Names of Places
Isshiah,Names of People
Isuah,Names of People
Isui,Names of People
Italian,Names of Peoples and Nations
Italy,Names of Places
Ithai,Names of People
Ithamar,Names of People
Ithiel,Names of People
Ithmah,Names of People
Ithnan,Names of Places
Ithra,Names of People
Ithran,Names of People
Ithream,Names of People
Ithrites,Names of Peoples and Nations
Ittahkazin,Names of Places
Ittai,Names of People
Ituraea,Names of Places
Ivah,Names of Places
Izehar,Names of People
Izeharites,Names of Peoples and Nations
Izhar,Names of People
Izharites,Names of Peoples and Nations
Izrahiah,Names of People
Izri,Names of People
Jaakan,Names of People
Jaakobah,Names of People
Jaala,Names of People
Jaalah,Names of People
Jaalam,Names of People
Jaanai,Names of People
Jaareoregim,Names of People
Jaasau,Names of People
Jaasiel,Names of People
Jaazaniah,Names of People
Jaazer,Names of Places
Jaaziah,Names of People
Jaaziel,Names of People
Jabal,Names of People
Jabbok,Names of Places
Jabesh,Names of Places
Jabeshgilead,Names of Places
Jabez,Names of People
Jabin,Names of People
Jabneel,Names of Places
Jabneh,Names of Places
Jachan,Names of People
Jachin,Names of People
Jachinites,Names of Peoples and Nations
Jacob,Names of People
Jada,Names of People
Jadau,Names of People
Jaddua,Names of People
Jadon,Names of People
Jael,Names of People
Jagur,Names of Places
JAH,Names of God
Jahath,Names of People
Jahaz,Names of Places
Jahaza,Names of Places
Jahazah,Names of Places
Jahaziah,Names of People
Jahaziel,Names of People
Jahdai,Names of People
Jahdiel,Names of People
Jahdo,Names of People
Jahleel,Names of People
Jahleelites,Names of Peoples and Nations
Jahmai,Names of People
Jahzah,Names of Places
Jahzeel,Names of People
Jahzeelites,Names of Peoples and Nations
Jahzerah,Names of People
Jahziel,Names of People
Jair,Names of People
Jairite,Names of Peoples and Nations
Jairus,Names of People
Jakan,Names of People
Jakeh,Names of People
Jakim,Names of People
Jalon,Names of People
Jambres,Names of People
James,Names of People
Jamin,Names of People
Jaminites,Names of Peoples and Nations
Jamlech,Names of People
Janna,Names of People
Jannes,Names of People
Janoah,Names of People
Janohah,Names of Places
Janum,Names of Places
Japheth,Names of People
Japhia,Names of People
Japhlet,Names of People
Japhleti,Names of Places
Japho,Names of Places
Jarah,Names of People
Jareb,Names of People
Jared,Names of People
Jaresiah,Names of People
Jarha,Names of People
Jarib,Names of People
Jarmuth,Names of Places
Jaroah,Names of People
Jashen,Names of People
Jasher,Names of People
Jashobeam,Names of People
Jashub,Names of People
Jashubilehem,Names of Places
Jashubites,Names of Peoples and Nations
Jasiel,Names of People
Jason,Names of People
Jathniel,Names of People
Jattir,Names of Places
Javan,Names of People
Jazer,Names of Places
Jaziz,Names of People
Jearim,Names of Places
Jeaterai,Names of People
Jeberechiah,Names of People
Jebus,Names of Places
Jebusi,Names of Places
Jebusites,Names of Peoples and Nations
Jecamiah,Names of People
Jecholiah,Names of People
Jechonias,Names of People
Jecoliah,Names of People
Jeconiah,Names of People
Jedaiah,Names of People
Jediael,Names of People
Jedidah,Names of People
Jedidiah,Names of People
Jeduthun,Names of People
Jeezer,Names of People
Jeezerites,Names of Peoples and Nations
Jegarsahadutha,Names of Places
Jehaleleel,Names of People
Jehalelel,Names of People
Jehdeiah,Names of People
Jehezekel,Names of People
Jehiah,Names of People
Jehiel,Names of People
Jehieli,Names of People
Jehizkiah,Names of People
Jehoadah,Names of People
Jehoaddan,Names of People
Jehoahaz,Names of People
Jehoash,Names of People
Jehohanan,Names of People
Jehoiachin,Names of People
Jehoiada,Names of People
Jehoiakim,Names of People
Jehoiarib,Names of People
Jehonadab,Names of People
Jehonathan,Names of People
Jehoram,Names of People
Jehoshabeath,Names of People
Jehoshaphat,Names of People
Jehosheba,Names of People
Jehoshua,Names of People
Jehoshuah,Names of People
JEHOVAH,Names of God
Jehovahjireh,Names of Places
Jehovahnissi,Names of Places
Jehovahshalom,Names of Places
Jehozabad,Names of People
Jehozadak,Names of People
Jehu,Names of People
Jehubbah,Names of People
Jehucal,Names of People
Jehud,Names of Places
Jehudi,Names of People
Jehudijah,Names of People
Jehush,Names of People
Jeiel,Names of People
Jekabzeel,Names of Places
Jekameam,Names of People
Jekamiah,Names of People
Jekuthiel,Names of People
Jemima,Names of People
Jemuel,Names of People
Jephthae,Names of People
Jephthah,Names of People
Jephunneh,Names of People
Jerah,Names of People
Jerahmeel,Names of People
Jerahmeelites,Names of Peoples and Nations
Jered,Names of People
Jeremai,Names of People
Jeremiah,Names of People
Jeremias,Names of People
Jeremoth,Names of People
Jeremy,Names of People
Jeriah,Names of People
Jeribai,Names of People
Jericho,Names of Places
Jeriel,Names of Places
Jerijah,Names of People
Jerimoth,Names of People
Jerioth,Names of People
Jeroboam,Names of People
Jeroham,Names of People
Jerubbaal,Names of People
Jerubbesheth,Names of People
Jeruel,Names of Places
Jerusalem,Names of Places
Jerusha,Names of Places
Jerushah,Names of People
Jesaiah,Names of People
Jeshaiah,Names of People
Jeshanah,Names of Places
Jesharelah,Names of People
Jeshebeab,Names of People
Jesher,Names of People
Jeshimon,Names of Places
Jeshishai,Names of People
Jeshohaiah,Names of People
Jeshua,Names of People
Jeshuah,Names of People
Jeshurun,Names of Places
Jesiah,Names of People
Jesimiel,Names of People
Jesse,Names of People
Jesui,Names of People
Jesuites,Names of Peoples and Nations
Jesurun,Names of People
Jesus,Names of God
Jether,Names of People
Jetheth,Names of People
Jethlah,Names of Places
Jethro,Names of People
Jetur,Names of People
Jeuel,Names of People
Jeush,Names of People
Jeuz,Names of People
Jew,Names of Peoples and Nations
Jewess,Names of Peoples and Nations
Jewish,Names of Peoples and Nations
Jewry,Names of Places
Jews,Names of Peoples and Nations
Jezaniah,Names of People
Jezebel,Names of People
Jezer,Names of People
Jezerites,Names of Peoples and Nations
Jeziah,Names of People
Jeziel,Names of People
Jezliah,Names of People
Jezoar,Names of People
Jezrahiah,Names of People
Jezreel,Names of Places
Jezreelite,Names of Peoples and Nations
Jibsam,Names of People
Jidlaph,Names of People
Jimna,Names of People
Jimnah,Names of People
Jimnites,Names of Peoples and Nations
Jiphtah,Names of Places
Jiphthahel,Names of Places
Joab,Names of People
Joah,Names of People
Joahaz,Names of People
Joanna,Names of People
Joash,Names of People
Joatham,Names of People
Job,Names of People
Jobab,Names of People
Jochebed,Names of People
Joed,Names of People
Joel,Names of People
Joelah,Names of People
Joezer,Names of People
Jogbehah,Names of Places
Jogli,Names of People
Joha,Names of People
Johanan,Names of People
John,Names of People
Joiada,Names of People
Joiakim,Names of People
Joiarib,Names of People
Jokdeam,Names of Places
Jokim,Names of People
Jokmeam,Names of Places
Jokneam,Names of Places
Jokshan,Names of People
Joktan,Names of People
Joktheel,Names of Places
Jona,Names of People
Jonadab,Names of People
Jonah,Names of People
Jonan,Names of People
Jonas,Names of People
Jonathan,Names of People
Joppa,Names of Places
Jorah,Names of People
Jorai,Names of People
Joram,Names of People
Jordan,Names of Places
Jorim,Names of Places
Jorkoam,Names of People
Josabad,Names of People
Josaphat,Names of People
Jose,Names of People
Josedech,Names of People
Joseph,Names of People
Joses,Names of People
Joshah,Names of People
Joshaphat,Names of People
Joshaviah,Names of People
Joshbekashah,Names of People
Joshua,Names of People
Josiah,Names of People
Josias,Names of People
Josibiah,Names of People
Josiphiah,Names of People
Jotbah,Names of Places
Jotbath,Names of Places
Jotbathah,Names of Places
Jotham,Names of People
Jozabad,Names of People
Jozachar,Names of People
Jozadak,Names of People
Jubal,Names of People
Jucal,Names of People
Juda,Names of Places
Judaea,Names of Places
Judah,Names of People | Names of Places
Judas,Names of People
Jude,Names of People
Judea,Names of Places
Judith,Names of People
Julia,Names of People
Julius,Names of People
Junia,Names of People
Jupiter,Other Names
Jushab-hesed,Names of People
Justus,Names of People
Juttah,Names of Places
Kabzeel,Names of Places
Kadesh,Names of Places
Kadeshbarnea,Names of Places
Kadmiel,Names of Places
Kadmonites,Names of Peoples and Nations
Kallai,Names of Peoples and Nations
Kanah,Names of Places
Kareah,Names of People
Karkaa,Names of Places
Karkor,Names of Places
Kartah,Names of Places
Kartan,Names of Places
Kattath,Names of Places
Kedar,Names of People
Kedemah,Names of People
Kedemoth,Names of Places
Kedesh,Names of Places
Kedeshnaphtali,Names of Places
Kehelathah,Names of Places
Keilah,Names of Places
Kelaiah,Names of People
Kelita,Names of People
Kemuel,Names of People
Kenan,Names of People
Kenath,Names of Places
Kenaz,Names of People
Kenezite,Names of Peoples and Nations
Kenite,Names of Peoples and Nations
Kenites,Names of Peoples and Nations
Kenizzites,Names of Peoples and Nations
Keren-happuch,Names of People
Kerioth,Names of Places
Keros,Names of People
Keturah,Names of People
Kezia,Names of People
Keziah,Names of People
Keziz,Names of Places
Kibrothhattaavah,Names of Places
Kibzaim,Names of Places
Kidron,Names of Places
Kinah,Names of Places
King,Other Names
Kir,Names of Places
Kirharaseth,Names of Places
Kirhareseth,Names of Places
Kirharesh,Names of Places
Kirheres,Names of Places
Kirioth,Names of Places
Kirjath,Names of Places
Kirjath-jearim,Names of Places
Kirjathaim,Names of Places
Kirjatharba,Names of Places
Kirjatharim,Names of Places
Kirjathbaal,Names of Places
Kirjathhuzoth,Names of Places
Kirjathsannah,Names of Places
Kirjathsepher,Names of Places
Kish,Names of People
Kishi,Names of People
Kishion,Names of Places
Kishon,Names of Places
Kison,Names of Places
Kithlish,Names of Places
Kitron,Names of Places
Koa,Names of Peoples and Nations
Kohath,Names of People
Kohathites,Names of Peoples and Nations
Kolaiah,Names of People
Korah,Names of People
Korahites,Names of Peoples and Nations
Korathites,Names of Peoples and Nations
Kore,Names of People
Korhites,Names of Peoples and Nations
Koz,Names of People
Kushaiah,Names of People
Laadah,Names of People
Laadan,Names of People
Laban,Names of People | Names of Places
Lachish,Names of Places
Lael,Names of People
Lahad,Names of People
Lahairoi,Names of Places
Lahmam,Names of Places
Lahmi,Names of People
Laish,Names of Places
Lakum,Names of Places
Lamech,Names of People
Laodicea,Names of Places
Laodiceans,Names of Peoples and Nations
Lapidoth,Names of People
Lasea,Names of Places
Lasha,Names of Places
Lasharon,Names of Places
Lazarus,Names of People
Leah,Names of People
Lebana,Names of People
Lebanah,Names of People
Lebanon,Names of Places
Lebaoth,Names of Places
Lebbaeus,Names of People
Lebonah,Names of Places
Lecah,Names of People
Legion,Other Names
Lehabim,Names of People
Lehi,Names of Places
Lemuel,Names of People
Leshem,Names of Places
Letushim,Names of People
Leummim,Names of People
Levi,Names of People
Levites,Names of Peoples and Nations
Libertines,Names of Peoples and Nations
Libnah,Names of Places
Libni,Names of People
Libnites,Names of Peoples and Nations
Libya,Names of Places
Libyans,Names of Peoples and Nations
Likhi,Names of People
Linus,Names of People
Lo-Ruhamah,Names of People
Loammi,Names of People
Lod,Names of Places
Lodebar,Names of Places
Lois,Names of People
LORD,Names of God
Lotan,Names of People
Lubim,Names of People
Lubims,Names of Peoples and Nations
Lucas,Names of People
Lucifer,Other Names
Lucius,Names of People
Lud,Names of People
Ludim,Names of People
Luhith,Names of Places
Luke,Names of People
Luz,Names of Places
Lycaonia,Names of Places
Lycia,Names of Places
Lydda,Names of Places
Lydia,Names of People
Lydians,Names of Peoples and Nations
Lysanias,Names of Places
Lysias,Names of People
Lystra,Names of Places
Maacah,Names of People
Maachah,Names of People
Maachathi,Names of Places
Maachathites,Names of Peoples and Nations
Maadai,Names of People
Maadiah,Names of People
Maai,Names of People
Maalehacrabbim,Names of Places
Maarath,Names of Places
Maaseiah,Names of People
Maasiai,Names of People
Maath,Names of People
Maaz,Names of People
Maaziah,Names of People
Macedonia,Names of Places
Macedonian,Names of Peoples and Nations
Machbanai,Names of People
Machbenah,Names of People
Machi,Names of People
Machir,Names of People
Machirites,Names of Peoples and Nations
Machnadebai,Names of People
Machpelah,Names of Places
Madai,Names of People
Madian,Names of Places
Madmannah,Names of Places
Madmen,Names of Peoples and Nations
Madmenah,Names of Places
Madon,Names of Places
Magbish,Names of People
Magdala,Names of Places
Magdalena,Names of People
Magdalene,Names of Places
Magdiel,Names of People
Magog,Names of People
Magor-missabib,Names of People
Magpiash,Names of People
Mahalah,Names of People
Mahalaleel,Names of People
Mahalath,Names of People
Mahali,Names of People
Mahanaim,Names of Places
Mahanehdan,Names of Places
Maharai,Names of People
Mahath,Names of People
Mahavite,Names of Places
Mahazioth,Names of People
Maher-shalal-hash-baz,Names of People
Mahlah,Names of People
Mahli,Names of People
Mahlites,Names of Peoples and Nations
Mahlon,Names of People
Mahol,Names of People
Makaz,Names of Places
Makheloth,Names of Places
Makkedah,Names of Places
Maktesh,Names of Places
Malachi,Names of People
Malcham,Names of People
Malchi-shua,Names of People
Malchiah,Names of People
Malchiel,Names of People
Malchielites,Names of Peoples and Nations
Malchijah,Names of People
Malchiram,Names of People
Malchus,Names of People
Maleleel,Names of People
Mallothi,Names of People
Malluch,Names of People
Mamre,Names of Places
Manaen,Names of People
Manahath,Names of Places
Manahethites,Names of Peoples and Nations
Manasseh,Names of People
Manasses,Names of People
Manassites,Names of Peoples and Nations
Manoah,Names of People
Maoch,Names of People
Maon,Names of Places
Maonites,Names of Peoples and Nations
Marah,Names of Places
Maralah,Names of Places
Maranatha,Names of God
Marcus,Names of People
Mareshah,Names of Places
Mark,Names of People
Maroth,Names of Places
Mars,Names of Places
Marsena,Names of People
Martha,Names of People
Mary,Names of People
Mash,Names of People
Mashal,Names of Places
Masrekah,Names of Places
Massa,Names of People
Massah,Names of Places
Master,Names of God
Mathusala,Names of People
Matred,Names of People
Matri,Names of People
Mattan,Names of Places
Mattanah,Names of Places
Mattaniah,Names of People
Mattatha,Names of People
Mattathah,Names of People
Mattathias,Names of People
Mattenai,Names of People
Matthan,Names of People
Matthat,Names of People
Matthew,Names of People
Matthias,Names of People
Mattithiah,Names of People
Mazzaroth,Other Names
Meah,Names of Places
Mearah,Names of Places
Mebunnai,Names of People
Mecherathite,Names of Peoples and Nations
Medad,Names of People
Medan,Names of People
Medeba,Names of Places
Medes,Names of Peoples and Nations
Media,Names of Places
Megiddo,Names of Places
Megiddon,Names of Places
Mehetabeel,Names of People
Mehetabel,Names of People
Mehida,Names of People
Mehir,Names of People
Meholathite,Names of Peoples and Nations
Mehujael,Names of People
Mehuman,Names of People
Mehunim,Names of Peoples and Nations
Mehunims,Names of Peoples and Nations
Mejarkon,Names of Places
Mekonah,Names of Places
Melatiah,Names of People
Melchi,Names of People
Melchiah,Names of People
Melchisedec,Names of People
Melchishua,Names of People
Melchizedek,Names of People
Melea,Names of People
Melech,Names of People
Melicu,Names of People
Melita,Names of Places
Melzar,Names of People
Memphis,Names of Places
Memucan,Names of People
Menahem,Names of People
Menan,Names of People
Meonenim,Names of Places
Meonothai,Names of People
Mephaath,Names of Places
Mephibosheth,Names of People
Merab,Names of People
Meraiah,Names of People
Meraioth,Names of People
Merari,Names of People
Merarites,Names of Peoples and Nations
Merathaim,Names of Places
Mercurius,Other Names
Mered,Names of People
Meremoth,Names of People
Meres,Names of People
Meribah,Names of Places
MeribahKadesh,Names of Places
Meribbaal,Names of People
Merodach,Names of Places
Merodach-baladan,Names of People
Merom,Names of Places
Meronothite,Names of Peoples and Nations
Meroz,Names of Places
Mesech,Names of Places
Mesha,Names of Places
Meshach,Names of People
Meshech,Names of People
Meshelemiah,Names of People
Meshezabeel,Names of People
Meshillemith,Names of People
Meshillemoth,Names of People
Meshobab,Names of People
Meshullam,Names of People
Meshullemeth,Names of People
Mesobaite,Names of Peoples and Nations
Mesopotamia,Names of Places
Messiah,Names of God
Messias,Names of God
Methegammah,Names of Places
Methusael,Names of People
Methuselah,Names of People
Meunim,Names of People
Mezahab,Names of People
Miamin,Names of People
Mibhar,Names of People
Mibsam,Names of People
Mibzar,Names of People
Micah,Names of People
Micaiah,Names of People
Micha,Names of People
Michael,Names of God
Michah,Names of People
Michaiah,Names of People
Michal,Names of People
Michmas,Names of Places
Michmash,Names of Places
Michmethah,Names of Places
Michri,Names of People
Middin,Names of Places
Midian,Names of People | Names of Places
Midianites,Names of Peoples and Nations
Migdalel,Names of Places
Migdalgad,Names of Places
Migdol,Names of Places
Migron,Names of Places
Mijamin,Names of People
Mikloth,Names of People
Mikneiah,Names of People
Milalai,Names of People
Milcah,Names of People
Milcom,Other Names
Miletum,Names of Places
Miletus,Names of Places
Millo,Names of Places
Miniamin,Names of People | Names of Places
Minni,Names of Places
Minnith,Names of Places
Miphkad,Names of Places
Miriam,Names of People
Mirma,Names of People
Misgab,Names of Places
Mishael,Names of People
Mishal,Names of Places
Misham,Names of People
Misheal,Names of People
Mishma,Names of People
Mishmannah,Names of People
Mishraites,Names of Peoples and Nations
Mispereth,Names of People
Misrephothmaim,Names of Places
Mithcah,Names of Places
Mithnite,Names of Peoples and Nations
Mithredath,Names of People
Mitylene,Names of Places
Mizar,Names of Places
Mizpah,Names of Places
Mizpar,Names of People
Mizpeh,Names of Places
Mizraim,Names of People
Mizzah,Names of People
Mnason,Names of People
Moab,Names of Places
Moabites,Names of Peoples and Nations
Moadiah,Names of People
Moladah,Names of Places
Molech,Other Names
Molid,Names of People
Moloch,Other Names
Morasthite,Names of Peoples and Nations
Mordecai,Names of People
Moreh,Names of Places
Moreshethgath,Names of Places
Moriah,Names of Places
Mosera,Names of Places
Moseroth,Names of Places
Moses,Names of People
Mount|of|Olives,Names of Places
Moza,Names of People
Mozah,Names of Places
Muppim,Names of People
Mushi,Names of People
Mushites,Names of Peoples and Nations
Myra,Names of Places
Mysia,Names of Places
Naam,Names of People
Naamah,Names of People
Naaman,Names of People
Naamathite,Names of Peoples and Nations
Naamites,Names of Peoples and Nations
Naarah,Names of People
Naarai,Names of People
Naaran,Names of Places
Naarath,Names of Places
Naashon,Names of People
Naasson,Names of People
Nabal,Names of People
Naboth,Names of People
Nachon,Names of People
Nachor,Names of People
Nadab,Names of People
Nagge,Names of People
Nahalal,Names of Places
Nahaliel,Names of Places
Nahallal,Names of Places
Nahalol,Names of Places
Naham,Names of People
Nahamani,Names of People
Naharai,Names of People
Nahari,Names of People
Nahash,Names of People
Nahath,Names of People
Nahbi,Names of People
Nahor,Names of People
Nahshon,Names of People
Nahum,Names of People
Nain,Names of Places
Naioth,Names of Places
Naomi,Names of People
Naphish,Names of People
Naphtali,Names of People | Names of Places
Naphtuhim,Names of People
Narcissus,Names of People
Nathan,Names of People
Nathanael,Names of People
Nathaniel,Names of People
Nathanmelech,Names of People
Naum,Names of People
Nazarenes,Names of Peoples and Nations
Nazareth,Names of Places
Nazarites,Names of Peoples and Nations
Neah,Names of Places
Neapolis,Names of Places
Neariah,Names of People
Nebai,Names of People
Nebaioth,Names of People
Nebajoth,Names of People
Neballat,Names of Places
Nebat,Names of People
Nebo,Names of Places
Nebuchadnezzar,Names of People
Nebuchadrezzar,Names of People
Nebushasban,Names of People
Nebuzaradan,Names of People
Necho,Names of People
Nedabiah,Names of People
Nehelamite,Names of Peoples and Nations
Nehemiah,Names of People
Nehum,Names of People
Nehushta,Names of People
Nehushtan,Names of Places
Neiel,Names of Places
Nekeb,Names of Places
Nekoda,Names of People
Nemuel,Names of People
Nemuelites,Names of Peoples and Nations
Nepheg,Names of People
Nephish,Names of Peoples and Nations
Nephishesim,Names of People
Nephthalim,Names of Places
Nephtoah,Names of Places
Nephusim,Names of People
Ner,Names of People
Nereus,Names of People
Nergal,Other Names
Nergalsharezer,Names of People
Neri,Names of People
Neriah,Names of People
Nethaneel,Names of People
Nethaniah,Names of People
Nethinims,Names of Peoples and Nations
Netophah,Names of Places
Netophathi,Names of Places
Netophathites,Names of Peoples and Nations
Neziah,Names of People
Nezib,Names of Places
Nibhaz,Other Names
Nibshan,Names of Places
Nicanor,Names of People
Nicodemus,Names of People
Nicolaitanes,Names of Peoples and Nations
Nicolas,Names of People
Nicopolis,Names of Places
Niger,Names of People
Nimrah,Names of Places
Nimrim,Names of Places
Nimrod,Names of People
Nimshi,Names of People
Nineve,Names of Places
Nineveh,Names of Places
Ninevites,Names of Peoples and Nations
Nisan,Other Names
Nisroch,Other Names
Noadiah,Names of People
Noah,Names of People
Nob,Names of Places
Nobah,Names of People | Names of Places
Nod,Names of Places
Nodab,Names of Peoples and Nations
Noe,Names of People
Nogah,Names of People
Nohah,Names of People
Non,Names of People
Noph,Names of Places
Nophah,Names of Places
Nun,Names of People
Nymphas,Names of People
Obadiah,Names of People
Obal,Names of People
Obed,Names of People
Obededom,Names of People
Obil,Names of People
Oboth,Names of Places
Ocran,Names of People
Oded,Names of People
Og,Names of Places
Ohad,Names of People
Ohel,Names of People
Olivet,Names of Places
Olympas,Names of People
Omar,Names of People
Omri,Names of People
On,Names of Places
Onam,Names of People
Onan,Names of People
Onesimus,Names of People
Onesiphorus,Names of People
Ono,Names of Places
Ophel,Names of Places
Ophir,Names of People
Ophni,Names of Places
Ophrah,Names of Places
Oreb,Names of People | Names of Places
Oren,Names of People
Orion,Other Names
Ornan,Names of People
Orpah,Names of People
Osee,Names of Places
Oshea,Names of People
Othni,Names of People
Othniel,Names of People
Ozem,Names of People
Ozias,Names of People
Ozni,Names of People
Oznites,Names of Peoples and Nations
Paarai,Names of People
Padan,Names of Places
Padanaram,Names of Places
Padon,Names of People
Pagiel,Names of People
Pahathmoab,Names of Places
Pai,Names of Places
Palal,Names of People
Palestina,Names of Places
Palestine,Names of Places
Pallu,Names of People
Palluites,Names of Peoples and Nations
Palti,Names of People
Paltiel,Names of People
Paltite,Names of Peoples and Nations
Pamphylia,Names of Places
Paphos,Names of Places
Parah,Names of Places
Paran,Names of Places
Parbar,Names of Places
Parmashta,Names of Places
Parmenas,Names of People
Parnach,Names of People
Parosh,Names of People
Parshandatha,Names of Places
Parthians,Names of Peoples and Nations
Paruah,Names of People
Parvaim,Names of Places
Pasach,Names of People
Pasdammim,Names of Places
Paseah,Names of People
Pashur,Names of People
Patara,Names of Places
Pathros,Names of Places
Pathrusim,Names of People
Patmos,Names of Places
Patrobas,Names of People
Pau,Names of Places
Paul,Names of People
Paulus,Names of People
Pedahel,Names of People
Pedahzur,Names of People
Pedaiah,Names of People
Pekah,Names of People
Pekahiah,Names of People
Pekod,Names of Places
Pelaiah,Names of People
Pelaliah,Names of People
Pelatiah,Names of People
Peleg,Names of People
Pelet,Names of People
Peleth,Names of People
Pelethites,Names of Peoples and Nations
Pelonite,Names of Peoples and Nations
Peniel,Names of Places
Peninnah,Names of People
Penuel,Names of Places
Peor,Names of Places
Perazim,Names of Places
Peresh,Names of People
Perez,Names of People
Perezuzza,Names of Places
Perezuzzah,Names of Places
Perga,Names of Places
Pergamos,Names of Places
Perida,Names of People
Perizzite,Names of Peoples and Nations
Perizzites,Names of Peoples and Nations
Persia,Names of Places
Persians,Names of Peoples and Nations
Persis,Names of People
Peruda,Names of People
Peter,Names of People
Pethahiah,Names of People
Pethor,Names of Places
Pethuel,Names of People
Peulthai,Names of People
Phalec,Names of People
Phallu,Names of People
Phalti,Names of People
Phaltiel,Names of People
Phanuel,Names of People
Pharah,Names of People
Pharaoh,Other Names
Pharaohhophra,Names of People
Pharaohnecho,Names of People
Pharaohnechoh,Names of People
Phares,Names of People
Pharez,Names of People
Pharisees,Names of Peoples and Nations
Pharosh,Names of People
Pharpar,Other Names
Pharzites,Names of Peoples and Nations
Phaseah,Names of People
Phebe,Names of People
Phenice,Names of Places
Phenicia,Names of Places
Phichol,Names of People
Philadelphia,Names of Places
Philemon,Names of People
Philetus,Names of People
Philip,Names of People
Philippi,Names of Places
Philippians,Names of Peoples and Nations
Philistia,Names of Peoples and Nations
Philistim,Names of People
Philistines,Names of Peoples and Nations
Philologus,Names of People
Phinehas,Names of People
Phlegon,Names of People
Phoebe,Names of People
Phrygia,Names of Places
Phurah,Names of People
Phut,Names of People
Phuvah,Names of People
Phygellus,Names of People
Pibeseth,Names of Places
Pihahiroth,Names of Places
Pilate,Names of People
Pildash,Names of People
Pileha,Names of People
Piltai,Names of People
Pinon,Names of People
Piram,Names of People
Pirathon,Names of Places
Pirathonite,Names of Peoples and Nations
Pisgah,Names of Places
Pisidia,Names of Places
Pison,Other Names
Pispah,Names of People
Pithom,Names of Places
Pithon,Names of People
Pleiades,Other Names
Pochereth,Names of People
Pontius,Other Names
Pontus,Names of Places
Poratha,Names of People
Potentate,Names of God
Potiphar,Names of People
Potipherah,Names of People
Praetorium,Names of Places
Prisca,Names of People
Priscilla,Names of People
Prochorus,Names of People
Ptolemais,Names of Places
Pua,Names of People
Puah,Names of People
Publius,Names of People
Pudens,Names of People
Puhites,Names of Peoples and Nations
Pul,Names of People
Punites,Names of Peoples and Nations
Punon,Names of Places
Pur,Other Names
Puteoli,Names of Places
Putiel,Names of People
Quartus,Names of People
Raamah,Names of People
Raamiah,Names of People
Raamses,Names of Places
Rabbah,Names of Places
Rabbath,Names of Places
Rabbi,Names of God
Rabbith,Names of Places
Rabboni,Names of God
Rabmag,Names of People
Rabsaris,Names of People
Rabshakeh,Names of People
Rachab,Names of Places
Rachal,Names of Places
Rachel,Names of People
Raddai,Names of People
Ragau,Names of People
Raguel,Names of People
Rahab,Names of People
Raham,Names of People
Rahel,Names of People
Rakem,Names of People
Rakkath,Names of Places
Rakkon,Names of Places
Ram,Names of People
Rama,Names of Places
Ramah,Names of Places
Ramath,Names of Places
Ramathaimzophim,Names of Places
Ramathite,Names of Peoples and Nations
Ramathlehi,Names of Places
Ramathmizpeh,Names of Places
Rameses,Names of People
Ramiah,Names of People
Ramoth,Names of Places
Ramothgilead,Names of Places
Rapha,Names of People
Raphu,Names of People
Reaia,Names of People
Reaiah,Names of People
Reba,Names of People
Rebecca,Names of People
Rebekah,Names of People
Rechab,Names of People
Rechabites,Names of Peoples and Nations
Rechah,Names of Places
Reelaiah,Names of People
Regem,Names of People
Regem-melech,Names of People
Rehabiah,Names of People
Rehob,Names of People
Rehoboam,Names of People
Rehoboth,Names of Places
Rehum,Names of People
Rei,Names of People
Rekem,Names of Places
Remaliah,Names of People
Remeth,Names of Places
Remmon,Names of Places
Remmonmethoar,Names of Places
Remphan,Other Names
Rephael,Names of People
Rephah,Names of People
Rephaiah,Names of People
Rephaim,Names of Peoples and Nations
Rephidim,Names of Places
Resen,Names of Places
Resheph,Names of People
Reu,Names of People
Reuben,Names of People
Reubenites,Names of Peoples and Nations
Reuel,Names of People
Reumah,Names of People
Rezeph,Names of Places
Rezia,Names of People
Rezin,Names of People
Rezon,Names of People
Rhegium,Names of Places
Rhesa,Names of People
Rhoda,Names of People
Rhodes,Names of Places
Ribai,Names of People
Riblah,Names of Places
Rimmon,Names of People
Rimmonparez,Names of Places
Rinnah,Names of People
Riphath,Names of People
Rissah,Names of Places
Rithmah,Names of Places
Rizpah,Names of People
Roboam,Names of People
Rock,Names of God
Rogelim,Names of Places
Rohgah,Names of People
Romamtiezer,Names of People
Romans,Names of Peoples and Nations
Rome,Names of Places
Rosh,Names of People
Ru-hamah,Names of People
Rufus,Names of People
Rumah,Names of Places
Ruth,Names of People
Sabaoth,Names of Places
Sabeans,Names of Peoples and Nations
Sabta,Names of People
Sabtah,Names of People
Sabtecha,Names of People
Sacar,Names of People
Sadducees,Names of Peoples and Nations
Sadoc,Names of People
Sala,Names of People
Salah,Names of People
Salamis,Names of Places
Salathiel,Names of People
Salcah,Names of Places
Salchah,Names of Places
Salem,Names of Places
Salim,Names of Places
Sallai,Names of People
Sallu,Names of People
Salma,Names of People
Salmon,Names of People
Salmone,Names of Places
Salome,Names of People
Salu,Names of People
Samaria,Names of Places
Samaritans,Names of Peoples and Nations
Samgarnebo,Names of People
Samlah,Names of People
Samos,Names of Places
Samothracia,Names of Places
Samson,Names of People
Samuel,Names of People
Sanballat,Names of People
Sansannah,Names of Places
Saph,Names of People
Saphir,Names of Places
Sapphira,Names of People
Sara,Names of People
Sarah,Names of People
Sarai,Names of People
Saraph,Names of Places
Sardis,Names of Places
Sardites,Names of Peoples and Nations
Sarepta,Names of Places
Sargon,Names of People
Sarid,Names of Places
Saron,Names of Places
Sarsechim,Names of People
Saruch,Names of People
Satan,Other Names
Saul,Names of People
Sceva,Names of People
Scythian,Names of Peoples and Nations
Seba,Names of People
Sebat,Other Names
Secacah,Names of Places
Sechu,Names of Places
Secundus,Names of People
Segub,Names of People
Seir,Names of Places
Seirath,Names of Places
Sela,Names of Places
Selah,Names of Places
Selahammahlekoth,Names of Places
Seled,Names of People
Seleucia,Names of Places
Sem,Names of People
Semachiah,Names of People
Semei,Names of People
Senaah,Names of Places
Seneh,Names of Places
Senir,Names of Places
Sennacherib,Names of People
Senuah,Names of People
Seorim,Names of People
Sephar,Names of Places
Sepharad,Names of Places
Sepharvaim,Names of Places
Sepharvites,Names of Peoples and Nations
Serah,Names of People
Seraiah,Names of People
Sered,Names of People
Serug,Names of People
Seth,Names of People
Sethur,Names of People
Shaalabbin,Names of Places
Shaalbim,Names of Places
Shaalbonite,Names of Peoples and Nations
Shaaph,Names of People
Shaaraim,Names of Places
Shaashgaz,Names of People
Shabbethai,Names of People
Shachia,Names of People
Shadrach,Names of People
Shage,Names of People
Shaharaim,Names of People
Shahazimah,Names of Places
Shalem,Names of Places
Shalim,Names of Places
Shalisha,Names of Places
Shallecheth,Names of Places
Shallum,Names of People
Shallun,Names of People
Shalmai,Names of Places
Shalman,Names of People
Shalmaneser,Names of People
Shama,Names of People
Shamariah,Names of People
Shamed,Names of People
Shamer,Names of People
Shamgar,Names of People
Shamhuth,Names of People
Shamir,Names of People | Names of Places
Shamma,Names of People
Shammah,Names of People
Shammai,Names of People
Shammoth,Names of People
Shammua,Names of People
Shammuah,Names of People
Shamsherai,Names of People
Shapham,Names of People
Shaphan,Names of People
Shaphat,Names of People
Shapher,Names of Places
Sharai,Names of People
Sharaim,Names of Places
Sharar,Names of People
Sharezer,Names of People
Sharon,Names of Places
Sharonite,Names of Peoples and Nations
Sharuhen,Names of Places
Shashai,Names of People
Shashak,Names of People
Shaul,Names of People
Shaulites,Names of Peoples and Nations
Shaveh|Kiriathaim,Names of Places
Shavsha,Names of People
Sheal,Names of People
Shealtiel,Names of People
Sheariah,Names of People
Shearjashub,Names of People
Sheba,Names of People
Shebah,Names of Places
Shebam,Names of People
Shebaniah,Names of People
Shebarim,Names of Places
Sheber,Names of People
Shebna,Names of People
Shebuel,Names of People
Shecaniah,Names of Places
Shechaniah,Names of People
Shechem,Names of Places
Shechemites,Names of Peoples and Nations
Shedeur,Names of People
Shehariah,Names of People
Shelah,Names of People
Shelanites,Names of Peoples and Nations
Shelemiah,Names of People | Names of Places
Sheleph,Names of People
Shelesh,Names of People
Shelomi,Names of People
Shelomith,Names of People
Shelomoth,Names of People
Shelumiel,Names of People
Shem,Names of People
Shema,Names of People
Shemaah,Names of People
Shemaiah,Names of People
Shemariah,Names of People
Shemeber,Names of People
Shemer,Names of Places
Shemida,Names of People
Shemidah,Names of People
Shemidaites,Names of Peoples and Nations
Shemiramoth,Names of People
Shemuel,Names of People
Shen,Names of Places
Shenazar,Names of People
Shenir,Names of Places
Shepham,Names of Places
Shephathiah,Names of People
Shephatiah,Names of People
Shephi,Names of People
Shepho,Names of People
Shephuphan,Names of People
Sherah,Names of People
Sherebiah,Names of People
Sheresh,Names of People
Sherezer,Names of People
Sheshach,Names of Places
Sheshai,Names of People
Sheshan,Names of People
Sheshbazzar,Names of People
Sheth,Names of People
Shethar,Names of People
Shethar-boznai,Names of People
Sheva,Names of People
Shibmah,Names of Places
Shicron,Names of Places
Shigionoth,Names of Places
Shihor,Names of Places
Shihorlibnath,Names of Places
Shilhi,Names of People
Shilhim,Names of Places
Shillem,Names of People
Shillemites,Names of Peoples and Nations
Shiloah,Names of Places
Shiloh,Names of Places
Shiloni,Names of People
Shilonites,Names of Peoples and Nations
Shilshah,Names of People
Shimea,Names of People
Shimeah,Names of People
Shimeam,Names of People
Shimeath,Names of People
Shimeathites,Names of Peoples and Nations
Shimei,Names of People
Shimeon,Names of People
Shimhi,Names of People
Shimi,Names of People
Shimites,Names of Peoples and Nations
Shimma,Names of People
Shimon,Names of People
Shimrath,Names of People
Shimri,Names of People
Shimrith,Names of People
Shimrom,Names of People
Shimron,Names of People
Shimronites,Names of Peoples and Nations
Shimronmeron,Names of Places
Shimshai,Names of People
Shinab,Names of People
Shinar,Names of Places
Shion,Names of Places
Shiphi,Names of People
Shiphmite,Names of Peoples and Nations
Shiphrah,Names of People
Shiphtan,Names of People
Shisha,Names of People
Shishak,Names of People
Shitrai,Names of People
Shittim,Names of Places
Shiza,Names of People
Shoa,Names of People
Shobab,Names of People
Shobach,Names of People
Shobai,Names of People
Shobal,Names of People
Shobek,Names of People
Shobi,Names of People
Shocho,Names of Places
Shochoh,Names of Places
Shoco,Names of Places
Shoham,Names of People
Shomer,Names of People
Shophach,Names of People
Shophan,Names of Places
Shua,Names of People
Shuah,Names of People
Shual,Names of People
Shubael,Names of People
Shuham,Names of People
Shuhamites,Names of Peoples and Nations
Shuhite,Names of Peoples and Nations
Shulamite,Names of Peoples and Nations
Shumathites,Names of Peoples and Nations
Shunammite,Names of Peoples and Nations
Shunem,Names of Places
Shuni,Names of People
Shunites,Names of Peoples and Nations
Shupham,Names of People
Shuphamites,Names of Peoples and Nations
Shuppim,Names of People
Shur,Names of Places
Shushan,Names of Places
Shuthalhites,Names of Peoples and Nations
Shuthelah,Names of People
Sia,Names of People
Siaha,Names of Peoples and Nations
Sibbecai,Names of People
Sibbechai,Names of People
Sibmah,Names of Places
Sibraim,Names of Places
Sichem,Names of Places
Siddim,Names of Places
Sidon,Names of Places
Sidonians,Names of Peoples and Nations
Sihon,Names of People
Sihor,Names of Places
Silas,Names of People
Silla,Names of Places
Siloah,Names of Places
Siloam,Names of Places
Silvanus,Names of People
Simeon,Names of People
Simeonites,Names of Peoples and Nations
Simon,Names of People
Simri,Names of People
Sina,Names of Places
Sinai,Names of Places
Sinim,Names of Places
Sinite,Names of Peoples and Nations
Sion,Names of Places
Siphmoth,Names of Places
Sippai,Names of People
Sirah,Names of Places
Sirion,Names of Places
Sisamai,Names of People
Sisera,Names of People
Sitnah,Other Names
Sivan,Other Names
Smyrna,Names of Places
Socho,Names of People
Sochoh,Names of People
Socoh,Names of Places
Sodi,Names of People
Sodom,Names of Places
Sodoma,Names of Places
Solomon,Names of People
Sopater,Names of People
Sophereth,Names of People
Sorek,Names of Places
Sosipater,Names of People
Sosthenes,Names of People
Sotai,Names of People
Spain,Names of Places
Stachys,Names of People
Stephanas,Names of People
Stephen,Names of People
Stoicks,Names of Peoples and Nations
Suah,Names of People
Succoth,Names of Places
Succoth-benoth,Other Names
Suchathites,Names of Peoples and Nations
Sukkiims,Names of Peoples and Nations
Sur,Names of Places
Susanchites,Names of Peoples and Nations
Susanna,Names of People
Susannah,Names of People
Susi,Names of People
Sychar,Names of Places
Sychem,Names of Places
Syene,Names of Places
Syntyche,Names of People
Syracuse,Names of Places
Syria,Names of Peoples and Nations
Syriack,Names of Places
Syriadamascus,Names of Places
Syriamaachah,Names of Places
Syrians,Names of Peoples and Nations
Syrophenician,Names of Peoples and Nations
Taanach,Names of Places
Taanathshiloh,Names of Places
Tabbaoth,Names of People
Tabbath,Names of Places
Tabeal,Names of People
Tabeel,Names of People
Taberah,Names of Places
Tabitha,Names of People
Tabor,Names of Places
Tabrimon,Names of People
Tachmonite,Names of Peoples and Nations
Tadmor,Names of Places
Tahan,Names of People
Tahanites,Names of Peoples and Nations
Tahapanes,Names of Places
Tahath,Names of Places
Tahpanhes,Names of Places
Tahpenes,Names of People
Tahrea,Names of People
Tahtimhodshi,Names of Places
Talmai,Names of People
Talmon,Names of People
Tamah,Names of People
Tamar,Names of People
Tammuz,Other Names
Tanach,Names of Places
Tanhumeth,Names of People
Taphath,Names of People
Tappuah,Names of Places
Tarah,Names of Places
Taralah,Names of Places
Tarea,Names of People
Tarpelites,Names of Peoples and Nations
Tarshish,Names of Places
Tarsus,Names of Places
Tartak,Other Names
Tartan,Names of People
Tatnai,Names of People
Tebah,Names of People
Tebaliah,Names of People
Tebeth,Other Names
Tehaphnehes,Names of Places
Tehinnah,Names of People
Tekoa,Names of Places
Tekoah,Names of Places
Tekoite,Names of Peoples and Nations
Tekoites,Names of Peoples and Nations
Telabib,Names of Places
Telah,Names of People
Telaim,Names of Places
Telassar,Names of Places
Telem,Names of People | Names of Places
Telharesha,Names of Places
Telharsa,Names of People
Telmelah,Names of Places
Tema,Names of People
Teman,Names of People
Temani,Names of Places
Temanites,Names of Peoples and Nations
Temeni,Names of People
Terah,Names of People
Teresh,Names of People
Tertius,Names of People
Tertullus,Names of People
Thaddaeus,Names of People
Thahash,Names of People
Thamah,Names of People
Thamar,Names of People
Thara,Names of People
Tharshish,Names of Places
Thebez,Names of Places
Thelasar,Names of Places
Theophilus,Names of People
Thessalonians,Names of Peoples and Nations
Thessalonica,Names of Places
Theudas,Names of People
Thimnathah,Names of Places
Thomas,Names of People
Thyatira,Names of Places
Tiberias,Names of Places
Tiberius,Names of People
Tibhath,Names of Places
Tibni,Names of People
Tidal,Names of People
Tiglathpileser,Names of People
Tikvah,Names of People
Tikvath,Names of People
Tilgathpilneser,Names of People
Tilon,Names of People
Timaeus,Names of People
Timna,Names of People
Timnah,Names of Places
Timnath,Names of Places
Timnath-serah,Names of Places
Timnathheres,Names of Places
Timnite,Names of Peoples and Nations
Timon,Names of People
Timotheus,Names of People
Timothy,Names of People
Tiphsah,Names of Places
Tiras,Names of People
Tirathites,Names of Peoples and Nations
Tirhakah,Names of People
Tirhanah,Names of People
Tiria,Names of People
Tirshatha,Names of People
Tirzah,Names of People
Tishbite,Names of Peoples and Nations
Titus,Names of People
Tizite,Names of Peoples and Nations
Toah,Names of People
Tob,Names of Places
Tob-adonijah,Names of People
Tobiah,Names of People
Tobias,Names of People
Tobijah,Names of Places
Tochen,Names of Places
Togarmah,Names of People
Tohu,Names of People
Toi,Names of People
Tola,Names of People
Tolad,Names of Places
Tolaites,Names of Peoples and Nations
Tophel,Names of Places
Tophet,Names of Places
Topheth,Names of Places
Tou,Names of People
Trachonitis,Names of Places
Troas,Names of Places
Trogyllium,Names of Places
Trophimus,Names of Places
Tryphena,Names of People
Tryphosa,Names of People
Tubal,Names of People
Tubal-cain,Names of People
Tychicus,Names of People
Tyrannus,Names of People
Tyre,Names of Places
Tyrus,Names of Places
Ucal,Names of People
Uel,Names of People
Ulai,Names of Places
Ulam,Names of People
Ulla,Names of People
Ummah,Names of Places
Unni,Names of People
Uphaz,Names of Places
Ur of the Chaldees,Names of Places
Urbane,Names of People
Uri,Names of People
Uriah,Names of People
Urias,Names of People
Uriel,Names of People
Urijah,Names of People
Uthai,Names of People
Uz,Names of People
Uzai,Names of People
Uzal,Names of People
Uzza,Names of People
Uzzah,Names of People
Uzzen-sherah,Names of Places
Uzzi,Names of People
Uzzia,Names of People
Uzziah,Names of People
Uzziel,Names of People
Uzzielites,Names of Peoples and Nations
Vajezatha,Names of Places
Vaniah,Names of People
Vashni,Names of People
Vashti,Names of People
Vophsi,Names of People
Zaanaim,Names of Places
Zaanan,Names of Places
Zaanannim,Names of Places
Zaavan,Names of People
Zabad,Names of People
Zabbai,Names of People
Zabbud,Names of People
Zabdi,Names of People
Zabdiel,Names of People
Zabud,Names of People
Zabulon,Names of Places
Zaccai,Names of Places
Zacchaeus,Names of People
Zacchur,Names of People
Zaccur,Names of People
Zachariah,Names of People
Zacharias,Names of People
Zachary,Names of People
Zacher,Names of People
Zadok,Names of People
Zaham,Names of People
Zair,Names of Places
Zalaph,Names of People
Zalmon,Names of Places
Zalmonah,Names of Places
Zalmunna,Names of People
Zamzummims,Names of Peoples and Nations
Zanoah,Names of Places
Zaphnathpaaneah,Names of People
Zaphon,Names of Places
Zara,Names of People
Zarah,Names of People
Zareah,Names of Places
Zareathites,Names of Peoples and Nations
Zared,Names of Places
Zarephath,Names of Places
Zaretan,Names of Places
Zarethshahar,Names of Places
Zarhites,Names of Peoples and Nations
Zartanah,Names of Places
Zarthan,Names of Places
Zatthu,Names of People
Zattu,Names of People
Zavan,Names of People
Zaza,Names of People
Zebadiah,Names of People
Zebah,Names of People
Zebaim,Names of Places
Zebedee,Names of People
Zebina,Names of People
Zeboiim,Names of Places
Zeboim,Names of Places
Zebudah,Names of People
Zebul,Names of People
Zebulonite,Names of Peoples and Nations
Zebulun,Names of People
Zebulunites,Names of Peoples and Nations
Zechariah,Names of People
Zedad,Names of Places
Zedekiah,Names of People
Zeeb,Names of People
Zelah,Names of Places
Zelek,Names of People
Zelophehad,Names of People
Zelotes,Names of People
Zelzah,Names of Places
Zemaraim,Names of Places
Zemarite,Names of Peoples and Nations
Zemira,Names of People
Zenan,Names of Places
Zenas,Names of People
Zephaniah,Names of People
Zephath,Names of Places
Zephathah,Names of Places
Zephi,Names of People
Zepho,Names of People
Zephon,Names of People
Zephonites,Names of Peoples and Nations
Zer,Names of Places
Zerah,Names of People
Zerahiah,Names of People
Zered,Names of Places
Zereda,Names of Places
Zeredathah,Names of Places
Zererath,Names of Places
Zeresh,Names of People
Zereth,Names of People
Zeri,Names of People
Zeror,Names of People
Zeruah,Names of People
Zerubbabel,Names of People
Zeruiah,Names of People
Zetham,Names of People
Zethan,Names of People
Zethar,Names of People
Zia,Names of People
Ziba,Names of People
Zibeon,Names of People
Zibia,Names of People
Zibiah,Names of People
Zichri,Names of People
Ziddim,Names of Places
Zidkijah,Names of People
Zidon,Names of Places
Zidonians,Names of Peoples and Nations
Zif,Other Names
Ziha,Names of People
Ziklag,Names of Places
Zillah,Names of People
Zilpah,Names of People
Zilthai,Names of People
Zimmah,Names of People
Zimran,Names of People
Zimri,Names of People
Zin,Names of Places
Zina,Names of People
Zion,Names of Places
Zior,Names of Places
Ziph,Names of Places
Ziphah,Names of People
Ziphion,Names of People
Ziphites,Names of Peoples and Nations
Ziphron,Names of Places
Zippor,Names of People
Zipporah,Names of People
Zithri,Names of People
Ziz,Names of Places
Ziza,Names of People
Zizah,Names of People
Zoan,Names of Places
Zoar,Names of Places
Zoba,Names of Places
Zobah,Names of Places
Zobebah,Names of People
Zohar,Names of People
Zoheleth,Names of Places
Zoheth,Names of People
Zophah,Names of People
Zophai,Names of People
Zophar,Names of People
Zophim,Names of Places
Zorah,Names of Places
Zorathites,Names of Peoples and Nations
Zoreah,Names of Places
Zorites,Names of Peoples and Nations
Zorobabel,Names of People
Zuar,Names of People
Zuph,Names of People
Zur,Names of People
Zuriel,Names of People
Zurishaddai,Names of People
Zuzims,Names of Peoples and Nations
